{"chunk_definitions":[{"row":6,"row_count":1,"visible":true,"expansion_state":0,"options":{"engine":"r","label":"unnamed-chunk-6"},"document_id":"E0697FB2","chunk_id":"ccspl5mza9km5","chunk_label":"unnamed-chunk-1"},{"row":10,"row_count":1,"visible":true,"expansion_state":0,"options":{"engine":"r","label":"unnamed-chunk-1"},"document_id":"E0697FB2","chunk_id":"clxwolyi1wm93","chunk_label":"unnamed-chunk-2"},{"row":17,"row_count":1,"visible":true,"expansion_state":0,"options":{"engine":"r","label":"unnamed-chunk-2"},"document_id":"E0697FB2","chunk_id":"cz1l8n94xm4g5","chunk_label":"unnamed-chunk-3"},{"row":21,"row_count":1,"visible":true,"expansion_state":0,"options":{"engine":"r","label":"unnamed-chunk-3"},"document_id":"E0697FB2","chunk_id":"c99e1vpytbv0n","chunk_label":"unnamed-chunk-4"},{"row":36,"row_count":1,"visible":true,"expansion_state":0,"options":{"engine":"r","label":"unnamed-chunk-3"},"document_id":"E0697FB2","chunk_id":"cf4pbhkom7e22","chunk_label":"unnamed-chunk-5"},{"row":39,"row_count":1,"visible":true,"expansion_state":0,"options":{"engine":"r","label":"unnamed-chunk-5"},"document_id":"E0697FB2","chunk_id":"cmjod1chr96au","chunk_label":"unnamed-chunk-6"},{"row":48,"row_count":1,"visible":true,"expansion_state":0,"options":{"engine":"r","label":"unnamed-chunk-8"},"document_id":"E0697FB2","chunk_id":"c22bzoc99rk4c","chunk_label":"unnamed-chunk-7"},{"row":59,"row_count":1,"visible":true,"expansion_state":0,"options":{"engine":"r","label":"unnamed-chunk-9"},"document_id":"E0697FB2","chunk_id":"coofqnty9x1bq","chunk_label":"unnamed-chunk-8"},{"row":62,"row_count":1,"visible":true,"expansion_state":0,"options":{"engine":"r","label":"unnamed-chunk-10"},"document_id":"E0697FB2","chunk_id":"cg3oz7fp3pj0s","chunk_label":"unnamed-chunk-9"},{"row":71,"row_count":1,"visible":true,"expansion_state":0,"options":{"engine":"r","label":"unnamed-chunk-5"},"document_id":"E0697FB2","chunk_id":"c4eayc1hmxq2v","chunk_label":"unnamed-chunk-10"},{"row":85,"row_count":1,"visible":true,"expansion_state":0,"options":{"engine":"r","label":"unnamed-chunk-4"},"document_id":"E0697FB2","chunk_id":"ci5w9ymn1eq1m","chunk_label":"unnamed-chunk-12"},{"row":89,"row_count":1,"visible":true,"expansion_state":0,"options":{"engine":"r","label":"unnamed-chunk-5"},"document_id":"E0697FB2","chunk_id":"cofckzko09gfp","chunk_label":"unnamed-chunk-13"},{"row":100,"row_count":1,"visible":true,"expansion_state":0,"options":{"engine":"r","label":"unnamed-chunk-6"},"document_id":"E0697FB2","chunk_id":"c5c6ygncrj1n0","chunk_label":"unnamed-chunk-14"},{"row":104,"row_count":1,"visible":true,"expansion_state":0,"options":{},"document_id":"E0697FB2","chunk_id":"cmmxjas9j1eaa","chunk_label":"unnamed-chunk-15"}],"doc_write_time":1667971713}