{"chunk_definitions":[{"row":6,"row_count":1,"visible":true,"expansion_state":0,"options":{"engine":"r","label":"unnamed-chunk-1"},"document_id":"E0697FB2","chunk_id":"ccspl5mza9km5","chunk_label":"unnamed-chunk-1"},{"row":10,"row_count":1,"visible":true,"expansion_state":0,"options":{"engine":"r","label":"unnamed-chunk-1"},"document_id":"E0697FB2","chunk_id":"clxwolyi1wm93","chunk_label":"unnamed-chunk-2"},{"row":16,"row_count":1,"visible":true,"expansion_state":0,"options":{"engine":"r","label":"unnamed-chunk-3"},"document_id":"E0697FB2","chunk_id":"cz1l8n94xm4g5","chunk_label":"unnamed-chunk-3"},{"row":17,"row_count":1,"visible":true,"expansion_state":0,"options":{"engine":"r","label":"unnamed-chunk-1"},"document_id":"E0697FB2","chunk_id":"chu77vidm42m2","chunk_label":"unnamed-chunk-3"},{"row":20,"row_count":1,"visible":true,"expansion_state":0,"options":{"engine":"r","label":"unnamed-chunk-4"},"document_id":"E0697FB2","chunk_id":"c99e1vpytbv0n","chunk_label":"unnamed-chunk-4"},{"row":21,"row_count":1,"visible":true,"expansion_state":0,"options":{"engine":"r","label":"unnamed-chunk-2"},"document_id":"E0697FB2","chunk_id":"cyx4zg96y80qs","chunk_label":"unnamed-chunk-4"},{"row":35,"row_count":1,"visible":true,"expansion_state":0,"options":{"engine":"r","label":"unnamed-chunk-5"},"document_id":"E0697FB2","chunk_id":"cf4pbhkom7e22","chunk_label":"unnamed-chunk-5"},{"row":36,"row_count":1,"visible":true,"expansion_state":0,"options":{"engine":"r","label":"unnamed-chunk-3"},"document_id":"E0697FB2","chunk_id":"cahqeimpfahiu","chunk_label":"unnamed-chunk-5"},{"row":38,"row_count":1,"visible":true,"expansion_state":0,"options":{"engine":"r","label":"unnamed-chunk-7"},"document_id":"E0697FB2","chunk_id":"cmjod1chr96au","chunk_label":"unnamed-chunk-6"},{"row":39,"row_count":1,"visible":true,"expansion_state":0,"options":{"engine":"r","label":"unnamed-chunk-4"},"document_id":"E0697FB2","chunk_id":"civqkz5i6nzty","chunk_label":"unnamed-chunk-6"},{"row":47,"row_count":1,"visible":true,"expansion_state":0,"options":{"engine":"r","label":"unnamed-chunk-8"},"document_id":"E0697FB2","chunk_id":"c22bzoc99rk4c","chunk_label":"unnamed-chunk-7"},{"row":48,"row_count":1,"visible":true,"expansion_state":0,"options":{"engine":"r","label":"unnamed-chunk-5"},"document_id":"E0697FB2","chunk_id":"cgfzlo4xem3om","chunk_label":"unnamed-chunk-7"},{"row":58,"row_count":1,"visible":true,"expansion_state":0,"options":{"engine":"r","label":"unnamed-chunk-9"},"document_id":"E0697FB2","chunk_id":"coofqnty9x1bq","chunk_label":"unnamed-chunk-8"},{"row":59,"row_count":1,"visible":true,"expansion_state":0,"options":{},"document_id":"E0697FB2","chunk_id":"cpcv7569d5eko","chunk_label":"unnamed-chunk-8"},{"row":62,"row_count":1,"visible":true,"expansion_state":0,"options":{},"document_id":"E0697FB2","chunk_id":"c538xu68jn7kq","chunk_label":"unnamed-chunk-9"},{"row":72,"row_count":1,"visible":true,"expansion_state":0,"options":{},"document_id":"E0697FB2","chunk_id":"ca6lxgeiepufx","chunk_label":"unnamed-chunk-10"},{"row":76,"row_count":1,"visible":true,"expansion_state":0,"options":{},"document_id":"E0697FB2","chunk_id":"c6khzsochqwd2","chunk_label":"unnamed-chunk-11"},{"row":87,"row_count":1,"visible":true,"expansion_state":0,"options":{},"document_id":"E0697FB2","chunk_id":"cvpotoe9adbv2","chunk_label":"unnamed-chunk-12"},{"row":91,"row_count":1,"visible":true,"expansion_state":0,"options":{},"document_id":"E0697FB2","chunk_id":"cffkkbvladfgh","chunk_label":"unnamed-chunk-13"}],"doc_write_time":1667971713}