{"chunk_definitions":[{"row":6,"row_count":1,"visible":true,"expansion_state":0,"options":{"engine":"r","label":"unnamed-chunk-1"},"document_id":"E0697FB2","chunk_id":"ccspl5mza9km5","chunk_label":"unnamed-chunk-1"},{"row":17,"row_count":1,"visible":true,"expansion_state":0,"options":{"engine":"r","label":"unnamed-chunk-3"},"document_id":"E0697FB2","chunk_id":"cse2c1reno6tz","chunk_label":"unnamed-chunk-3"},{"row":21,"row_count":1,"visible":true,"expansion_state":0,"options":{"engine":"r","label":"unnamed-chunk-4"},"document_id":"E0697FB2","chunk_id":"ciauel1nwxd35","chunk_label":"unnamed-chunk-4"},{"row":36,"row_count":1,"visible":true,"expansion_state":0,"options":{"engine":"r","label":"unnamed-chunk-5"},"document_id":"E0697FB2","chunk_id":"cjj8oig9jxsua","chunk_label":"unnamed-chunk-5"},{"row":39,"row_count":1,"visible":true,"expansion_state":0,"options":{"engine":"r","label":"unnamed-chunk-6"},"document_id":"E0697FB2","chunk_id":"c2q7hz9vln44f","chunk_label":"unnamed-chunk-6"},{"row":48,"row_count":1,"visible":true,"expansion_state":0,"options":{"engine":"r","label":"unnamed-chunk-7"},"document_id":"E0697FB2","chunk_id":"cp3daip636bra","chunk_label":"unnamed-chunk-7"},{"row":59,"row_count":1,"visible":true,"expansion_state":0,"options":{"engine":"r","label":"unnamed-chunk-8"},"document_id":"E0697FB2","chunk_id":"c1hi9wnkqsgbb","chunk_label":"unnamed-chunk-8"},{"row":62,"row_count":1,"visible":true,"expansion_state":0,"options":{"engine":"r","label":"unnamed-chunk-9"},"document_id":"E0697FB2","chunk_id":"c4n73me2vy1ma","chunk_label":"unnamed-chunk-9"},{"row":72,"row_count":1,"visible":true,"expansion_state":0,"options":{"engine":"r","label":"unnamed-chunk-10"},"document_id":"E0697FB2","chunk_id":"c1teragqzo2t3","chunk_label":"unnamed-chunk-10"},{"row":76,"row_count":1,"visible":true,"expansion_state":0,"options":{"engine":"r","label":"unnamed-chunk-11"},"document_id":"E0697FB2","chunk_id":"cw9bjj4jwr2iq","chunk_label":"unnamed-chunk-11"},{"row":79,"row_count":1,"visible":true,"expansion_state":0,"options":{},"document_id":"E0697FB2","chunk_id":"cgzpmd8ckdsmo","chunk_label":"unnamed-chunk-12"},{"row":90,"row_count":1,"visible":true,"expansion_state":0,"options":{"engine":"r","label":"unnamed-chunk-13"},"document_id":"E0697FB2","chunk_id":"comm85pt9mm2i","chunk_label":"unnamed-chunk-13"},{"row":94,"row_count":1,"visible":true,"expansion_state":0,"options":{"engine":"r","label":"unnamed-chunk-14"},"document_id":"E0697FB2","chunk_id":"cijsep3gwongc","chunk_label":"unnamed-chunk-14"},{"row":98,"row_count":1,"visible":true,"expansion_state":0,"options":{"engine":"r","label":"unnamed-chunk-15"},"document_id":"E0697FB2","chunk_id":"cc6xjl0kbzi6h","chunk_label":"unnamed-chunk-15"},{"row":107,"row_count":1,"visible":true,"expansion_state":0,"options":{"engine":"r","label":"unnamed-chunk-16"},"document_id":"E0697FB2","chunk_id":"cs9f8xmqj6tj2","chunk_label":"unnamed-chunk-16"},{"row":115,"row_count":1,"visible":true,"expansion_state":0,"options":{"engine":"r","label":"unnamed-chunk-17"},"document_id":"E0697FB2","chunk_id":"cgu9h9o352x97","chunk_label":"unnamed-chunk-17"},{"row":121,"row_count":1,"visible":true,"expansion_state":0,"options":{"engine":"r","label":"unnamed-chunk-18"},"document_id":"E0697FB2","chunk_id":"cg1htiixtirkx","chunk_label":"unnamed-chunk-18"}],"doc_write_time":1667971713}