{"chunk_definitions":[{"row":6,"row_count":1,"visible":true,"expansion_state":0,"options":{"engine":"r","label":"unnamed-chunk-1"},"document_id":"E0697FB2","chunk_id":"ccspl5mza9km5","chunk_label":"unnamed-chunk-1"},{"row":10,"row_count":1,"visible":true,"expansion_state":0,"options":{"engine":"r","label":"unnamed-chunk-2"},"document_id":"E0697FB2","chunk_id":"clxwolyi1wm93","chunk_label":"unnamed-chunk-2"},{"row":16,"row_count":1,"visible":true,"expansion_state":0,"options":{"engine":"r","label":"unnamed-chunk-3"},"document_id":"E0697FB2","chunk_id":"cz1l8n94xm4g5","chunk_label":"unnamed-chunk-3"},{"row":20,"row_count":1,"visible":true,"expansion_state":0,"options":{"engine":"r","label":"unnamed-chunk-4"},"document_id":"E0697FB2","chunk_id":"c99e1vpytbv0n","chunk_label":"unnamed-chunk-4"},{"row":35,"row_count":1,"visible":true,"expansion_state":0,"options":{"engine":"r","label":"unnamed-chunk-5"},"document_id":"E0697FB2","chunk_id":"cf4pbhkom7e22","chunk_label":"unnamed-chunk-5"},{"row":38,"row_count":1,"visible":true,"expansion_state":0,"options":{"engine":"r","label":"unnamed-chunk-7"},"document_id":"E0697FB2","chunk_id":"cmjod1chr96au","chunk_label":"unnamed-chunk-6"},{"row":47,"row_count":1,"visible":true,"expansion_state":0,"options":{"engine":"r","label":"unnamed-chunk-8"},"document_id":"E0697FB2","chunk_id":"c22bzoc99rk4c","chunk_label":"unnamed-chunk-7"},{"row":58,"row_count":1,"visible":true,"expansion_state":0,"options":{"engine":"r","label":"unnamed-chunk-9"},"document_id":"E0697FB2","chunk_id":"coofqnty9x1bq","chunk_label":"unnamed-chunk-8"},{"row":61,"row_count":1,"visible":true,"expansion_state":0,"options":{"engine":"r","label":"unnamed-chunk-10"},"document_id":"E0697FB2","chunk_id":"cg3oz7fp3pj0s","chunk_label":"unnamed-chunk-9"},{"row":70,"row_count":1,"visible":true,"expansion_state":0,"options":{"engine":"r","label":"unnamed-chunk-11"},"document_id":"E0697FB2","chunk_id":"c4eayc1hmxq2v","chunk_label":"unnamed-chunk-10"}],"doc_write_time":1667971712}